purchase_id,purchase_line_nbr,receipt_dte,receipt_qty,supplier_shipping_num
2037413,1,2026-08-04 15:55:06,14400,
2037316,1,2026-08-04 16:58:18,14400,
2035803,1,2026-08-05 12:35:37,9900,
2038502,1,2026-08-05 12:35:37,1500,
2038495,1,2026-08-05 12:35:37,2500,
2038482,1,2026-08-05 12:35:37,1500,
2037317,1,2026-08-05 12:35:37,14000,
2038485,1,2026-08-06 11:21:57,4036,
2035652,1,2026-08-06 11:22:37,9350,
2037231,1,2026-08-06 12:17:18,4840,
2038496,1,2026-08-10 17:08:26,7600,
2038672,1,2026-08-10 18:09:06,3200,
2037109,1,2026-08-11 11:24:28,3000,
2037106,1,2026-08-11 11:24:55,750,
2037328,1,2026-08-11 11:31:30,1,
2037328,1,2026-08-11 11:32:28,749,
2037327,1,2026-08-11 11:33:16,750,
2037402,1,2026-08-12 13:42:44,17400,
2038653,1,2026-08-12 16:49:19,5000,
2038668,1,2026-08-13 17:24:55,3200,
2038650,1,2026-08-13 17:25:20,2800,
2038703,1,2026-08-13 17:25:39,2700,
2038690,1,2026-08-13 17:26:03,2450,
2038691,1,2026-08-13 17:26:22,1200,
2038706,1,2026-08-13 17:26:39,2175,
2038707,1,2026-08-13 17:26:59,1600,
2038710,1,2026-08-14 10:26:18,514,
2038531,1,2026-08-14 10:26:18,2313,
2038697,1,2026-08-14 10:26:18,579,
2038699,1,2026-08-14 10:26:18,1800,
2038696,1,2026-08-14 10:26:18,1381,
2038694,1,2026-08-14 10:26:18,580,
2038692,1,2026-08-14 10:26:18,1158,
2038688,1,2026-08-14 10:26:18,1046,
2038463,1,2026-08-14 10:26:18,254,
2038660,1,2026-08-14 10:26:18,832,
2037417,1,2026-08-14 10:26:18,578,
2038654,1,2026-08-14 14:51:39,630,
2038553,1,2026-08-14 14:51:39,12799,
2038583,1,2026-08-14 15:29:15,1950,
2038518,1,2026-08-17 10:07:30,1020,
2038683,1,2026-08-17 10:07:30,580,
2038684,1,2026-08-17 10:07:30,438,
2038725,1,2026-08-17 10:07:30,2345,
2038730,1,2026-08-17 10:07:30,3964,
2038740,1,2026-08-17 10:07:30,1210,
2038741,1,2026-08-17 10:07:30,258,
2038534,1,2026-08-17 10:41:00,300,
2038518,1,2026-08-17 13:50:10,4274,
2038463,1,2026-08-17 13:50:10,798,
2038699,1,2026-08-17 13:50:10,4235,
2038658,1,2026-08-18 07:07:53,1581,
2038666,1,2026-08-18 07:07:53,9980,
2038687,1,2026-08-18 07:07:53,1155,
2038741,1,2026-08-18 07:07:53,2632,
2038452,1,2026-08-18 09:13:17,1885,
2038452,1,2026-08-18 09:57:21,2800,
2037268,1,2026-08-18 13:31:08,8750,
2037271,1,2026-08-18 13:41:40,10500,
2037271,1,2026-08-18 13:43:03,7000,
2037270,1,2026-08-18 13:46:27,17500,
2038704,1,2026-08-18 13:52:06,3200,
2038728,1,2026-08-18 17:10:43,600,
2038743,1,2026-08-18 18:54:17,1550,
2038739,1,2026-08-18 18:56:16,4100,
2038670,1,2026-08-19 07:16:06,1046,
2038671,1,2026-08-19 07:16:06,1258,
2038684,1,2026-08-19 07:16:06,167,
2038729,1,2026-08-19 07:16:06,935,
2038730,1,2026-08-19 07:16:06,8402,
2037272,1,2026-08-19 11:04:21,12250,
2037269,1,2026-08-19 11:07:39,17500,
2037425,1,2026-08-19 22:24:39,11814,
2038784,1,2026-08-19 22:25:45,900,
2038825,1,2026-08-19 22:26:16,700,
2038649,1,2026-08-19 22:26:42,11600,
2038818,1,2026-08-19 22:27:11,7650,
2038720,1,2026-08-20 09:33:49,678,
2038778,1,2026-08-20 10:18:45,598,
2038682,1,2026-08-20 10:22:42,581,
2038770,1,2026-08-20 10:22:42,785,
2038777,1,2026-08-20 10:22:42,3372,
2038656,1,2026-08-20 10:29:01,830,
2038760,1,2026-08-20 14:07:15,4172,
2038772,1,2026-08-20 14:07:15,4202,
2038782,1,2026-08-20 14:07:15,1560,
2038771,1,2026-08-20 14:07:15,3583,
2038751,1,2026-08-20 14:07:15,1210,
2038685,1,2026-08-24 10:02:17,15436,
2038714,1,2026-08-24 10:52:52,5150,
2038621,1,2026-08-24 11:27:44,1600,
2038498,1,2026-08-24 11:30:22,3920,
2038498,1,2026-08-24 11:30:22,10290,
2038570,1,2026-08-24 12:49:31,5540,
2037347,1,2026-08-24 13:05:44,2621,
2038527,1,2026-08-24 13:05:44,595,
2038828,1,2026-08-24 13:05:44,954,
2038830,1,2026-08-24 13:05:44,914,
2037335,1,2026-07-27 13:10:02,10500,14196
2038453,1,2026-07-28 09:53:46,1,11404
2038514,1,2026-07-29 09:03:00,4840,0039948
2038489,1,2026-07-29 09:42:00,3568,260723102
2038487,1,2026-07-29 09:45:00,3313,260723099
2038486,1,2026-07-29 09:47:00,1102,260723010
2038484,1,2026-07-29 09:48:00,2700,260723009
2038479,1,2026-07-29 09:49:00,920,260722346
2038469,1,2026-07-29 09:50:00,1188,260722158
2038468,1,2026-07-29 09:51:00,597,260722154
2037440,1,2026-07-29 09:53:00,1230,260720190
2038465,1,2026-07-29 09:54:00,596,260722111
2037429,1,2026-07-29 09:55:00,626,260720063
2038588,1,2026-07-29 15:36:02,10500,MOYY
2038473,1,2026-07-30 09:29:00,263,260722183
2038480,1,2026-07-30 09:31:00,3525,260722348
2038493,1,2026-07-30 09:32:00,2162,260724012
2038494,1,2026-07-30 09:34:00,2160,260724014
2038497,1,2026-07-30 09:35:00,1210,260724015
2038515,1,2026-07-30 09:36:00,5580,260727025
2038529,1,2026-07-30 13:12:00,3250,004151
2037424,1,2026-07-30 14:40:00,12472,Direct Ship
2037423,1,2026-07-30 14:41:28,1087,Direct Ship
2037422,1,2026-07-30 14:42:12,3241,Direct Ship
2037356,1,2026-07-30 15:15:00,3674,524393
2038580,1,2026-07-30 15:16:00,2100,524394
2038538,1,2026-07-30 15:19:00,77,260727058
2038536,1,2026-07-30 15:20:00,10280,260727210
2038575,1,2026-07-30 15:22:00,5926,260728172
2038536,1,2026-07-30 15:24:00,10400,260727210
2038537,1,2026-07-30 15:25:57,2000,260727056
2038480,1,2026-07-30 15:28:00,3217,260722348
2038519,1,2026-07-31 08:07:00,4455,260727029
2038550,1,2026-07-31 08:09:00,1188,260728054
2038488,1,2026-07-31 10:09:00,8800,260723100
2038551,1,2026-07-31 11:42:12,1,28009
2038519,1,2026-07-31 13:36:29,2297,260727029
2038545,1,2026-07-31 13:38:12,271,260728002
2038517,1,2026-08-04 08:52:21,5395,2352
2038525,1,2026-08-04 08:52:21,1624,2352
2038544,1,2026-08-04 08:52:21,4740,2352
2038562,1,2026-08-04 08:52:21,540,2352
2038565,1,2026-08-04 08:52:21,488,2352
2038566,1,2026-08-04 08:52:21,594,2352
2038569,1,2026-08-04 08:52:21,326,2352
2038549,1,2026-08-04 09:31:33,2038549,2326
2038530,1,2026-08-04 13:19:06,7021,2373
2038544,1,2026-08-04 13:19:06,1200,2373
2038556,1,2026-08-04 13:19:06,599,2373
2038572,1,2026-08-04 13:19:06,5490,2373
2038500,1,2026-08-04 17:13:32,3459,2179
2038475,1,2026-08-04 17:13:32,1082,2179
2038487,1,2026-08-04 17:13:32,2400,2179
2038457,1,2026-08-04 17:13:32,1190,2179
2038471,1,2026-08-04 17:13:32,268,2179
2038454,1,2026-08-04 17:13:32,947,2179
2037440,1,2026-08-04 17:13:32,391,2179
2037443,1,2026-08-04 17:13:32,537,2179
2037437,1,2026-08-04 17:13:32,12650,2179
2037411,1,2026-08-04 17:13:32,1705,2179
2038623,1,2026-08-05 08:15:30,9936,2406
2038617,1,2026-08-05 08:15:30,1193,2406
2038577,1,2026-08-05 08:15:30,2163,2406
2038567,1,2026-08-05 08:15:30,758,2406
2038547,1,2026-08-05 08:15:30,297,2406
2038555,1,2026-08-05 08:15:30,540,2406
2038560,1,2026-08-05 08:15:30,670,2406
2038552,1,2026-08-05 08:15:30,380,2406
2038554,1,2026-08-05 08:15:30,550,2406
2037157,1,2026-08-05 09:40:03,1069,14203
1002037157,1,2026-08-05 09:40:03,1069,14203
2037337,1,2026-08-05 11:43:31,580,31980
2037108,1,2026-08-05 14:23:08,750,5353
2038448,1,2026-08-05 14:25:43,6626,2458
2038448,1,2026-08-05 17:25:07,9569,2441
2038605,1,2026-08-05 17:25:07,1319,2441
2038571,1,2026-08-05 17:25:07,3025,2441
2038526,1,2026-08-05 17:32:41,567,2440
2038559,1,2026-08-05 17:32:41,935,2440
2038560,1,2026-08-05 17:32:41,242,2440
2038576,1,2026-08-05 17:32:41,2378,2440
2038579,1,2026-08-05 17:32:41,325,2440
2038578,1,2026-08-05 17:32:41,326,2440
2038586,1,2026-08-05 17:32:41,1192,2440
2038587,1,2026-08-05 17:32:41,592,2440
2038603,1,2026-08-05 17:32:41,1298,2440
2038606,1,2026-08-05 17:32:41,3016,2440
2038614,1,2026-08-05 17:32:41,408,2440
2038615,1,2026-08-05 17:32:41,4753,2440
2037372,1,2026-08-06 12:38:25,1191,1989
2038451,1,2026-08-06 16:36:21,420,2490
2038616,1,2026-08-06 16:36:21,756,2490
2038624,1,2026-08-06 16:36:21,1784,2490
2038614,1,2026-08-06 16:36:21,678,2490
2038604,1,2026-08-06 16:36:21,303,2490
2038607,1,2026-08-06 16:36:21,1188,2490
2038557,1,2026-08-06 16:36:21,917,2490
2038542,1,2026-08-06 16:36:21,20351,2490
2038464,1,2026-08-06 17:48:58,811,2245
2038466,1,2026-08-06 17:48:58,6468,2245
2038473,1,2026-08-06 17:48:58,16237,2245
2038631,1,2026-08-10 08:25:43,1,204656
2038548,1,2026-08-10 08:26:51,1,11432
2038561,1,2026-08-10 10:06:39,1,8013
2037418,1,2026-08-10 13:25:45,595,2393
2037419,1,2026-08-10 13:25:45,510,2393
2037420,1,2026-08-10 13:25:45,596,2393
2038516,1,2026-08-10 13:25:45,15568,2393
2038528,1,2026-08-10 13:25:45,1190,2393
2038547,1,2026-08-10 13:25:45,894,2393
2038524,1,2026-08-10 13:25:45,217,2393
2038594,1,2026-08-10 13:25:45,5500,2393
2038629,1,2026-08-10 15:46:00,1,3003
2038632,1,2026-08-10 15:46:41,1,3002
2037403,1,2026-08-10 16:14:33,10640,2164
2037451,1,2026-08-11 07:03:17,1567,2557
2037452,1,2026-08-11 07:03:17,1564,2557
2038470,1,2026-08-11 07:03:17,433,2557
2038636,1,2026-08-11 07:03:17,1155,2557
2038638,1,2026-08-11 07:03:17,12057,2557
2038639,1,2026-08-11 07:03:17,818,2557
2038589,1,2026-08-11 14:49:00,1,260306
2038564,1,2026-08-11 17:31:38,558,2540
2038625,1,2026-08-11 17:31:38,1076,2540
2038628,1,2026-08-11 17:31:38,1191,2540
2038639,1,2026-08-11 17:31:38,5232,2540
2038640,1,2026-08-11 17:31:38,5255,2540
2038675,1,2026-08-12 06:50:53,1,204728
2038645,1,2026-08-12 16:43:39,686,2624
2038646,1,2026-08-12 16:43:39,585,2624
2038644,1,2026-08-12 16:43:39,577,2624
2038651,1,2026-08-12 16:43:39,1885,2624
2038652,1,2026-08-12 16:43:39,4960,2624
2038655,1,2026-08-12 16:43:39,1828,2624
2038657,1,2026-08-12 16:43:39,898,2624
2038673,1,2026-08-13 16:21:00,732,371043
2038651,1,2026-08-13 16:47:32,4930,2633
2038652,1,2026-08-13 16:47:32,10153,2633
2038665,1,2026-08-13 16:47:32,3257,2633
2038675,1,2026-08-18 08:33:19,1,204723
2038553,1,2026-08-18 09:01:26,4905,2677
2038651,1,2026-08-18 09:03:16,5273,2642
2038746,1,2026-08-18 11:00:28,1,204767
2038663,1,2026-08-19 14:50:54,212,2677
2038664,1,2026-08-19 14:50:54,169,2677
2037355,1,2026-08-19 20:41:38,3241,2822
2038669,1,2026-08-19 20:41:38,1860,2822
2038708,1,2026-08-19 20:41:38,469,2822
2038716,1,2026-08-19 20:41:38,205,2822
2038717,1,2026-08-19 20:41:38,208,2822
2038776,1,2026-08-19 20:46:57,1981,2864
2038698,1,2026-08-19 20:46:57,1047,2864
2038763,1,2026-08-19 20:46:57,2885,2864
2038787,1,2026-08-19 20:46:57,2094,2864
2038803,1,2026-08-20 15:01:25,1,11477
2038681,1,2026-08-20 16:32:13,580,2805
2038725,1,2026-08-20 16:32:13,5211,2805
2038730,1,2026-08-20 16:32:13,2440,2805
2038795,1,2026-08-21 09:28:24,388,2899
2038793,1,2026-08-21 09:28:24,10489,2899
2038760,1,2026-08-21 09:28:24,2781,2899
2038782,1,2026-08-21 09:28:24,2630,2899
1002038795,1,2026-08-21 09:28:24,388,2899
2038742,1,2026-08-21 10:36:39,1413,84942973
2038761,1,2026-08-21 11:26:55,6316,5319
2038598,1,2026-08-21 14:57:02,2162,2557
2038599,1,2026-08-21 14:57:02,2112,2557
2038674,1,2026-08-24 14:47:13,8090,8735-00
2037177,2,2026-08-04 09:41:19,2285,1122277
2037337,8,2026-08-04 15:46:03,3000,31984
2037337,9,2026-08-04 15:46:03,3280,31984
2037337,10,2026-08-04 15:49:43,3080,31984
2037337,11,2026-08-04 15:49:43,3060,31984
2038582,3,2026-08-05 10:22:13,271,2352
2038582,2,2026-08-05 10:22:13,271,2352
2037337,2,2026-08-05 11:43:31,570,31980
2037337,3,2026-08-05 11:43:31,560,31980
2037337,5,2026-08-05 11:43:31,575,31980
2037337,6,2026-08-05 11:43:31,580,31980
2037337,7,2026-08-05 11:43:31,3240,31980
2037337,4,2026-08-06 11:15:03,540,
2037337,12,2026-08-06 11:15:03,1480,
2037337,12,2026-08-06 11:15:03,3090,
2037328,2,2026-08-11 11:35:24,1,
2038778,2,2026-08-20 10:18:45,631,
2038656,2,2026-08-20 10:29:01,850,
2038656,3,2026-08-20 10:29:01,1,
2038656,4,2026-08-20 10:29:01,1,
